[
{
  "model": "admin.logentry",
  "pk": 1,
  "fields": {
    "action_time": "2025-03-25T14:21:47.614Z",
    "user": 2,
    "content_type": 6,
    "object_id": "1",
    "object_repr": "Lead University (lcu.ng)",
    "action_flag": 2,
    "change_message": "[{\"changed\": {\"fields\": [\"Name\"]}}]"
  }
},
{
  "model": "admin.logentry",
  "pk": 2,
  "fields": {
    "action_time": "2025-03-25T14:22:19.464Z",
    "user": 2,
    "content_type": 6,
    "object_id": "1",
    "object_repr": "Lead City University (lcu.ng)",
    "action_flag": 2,
    "change_message": "[{\"changed\": {\"fields\": [\"Name\"]}}]"
  }
},
{
  "model": "auth.permission",
  "pk": 1,
  "fields": {
    "name": "Can add log entry",
    "content_type": 1,
    "codename": "add_logentry"
  }
},
{
  "model": "auth.permission",
  "pk": 2,
  "fields": {
    "name": "Can change log entry",
    "content_type": 1,
    "codename": "change_logentry"
  }
},
{
  "model": "auth.permission",
  "pk": 3,
  "fields": {
    "name": "Can delete log entry",
    "content_type": 1,
    "codename": "delete_logentry"
  }
},
{
  "model": "auth.permission",
  "pk": 4,
  "fields": {
    "name": "Can view log entry",
    "content_type": 1,
    "codename": "view_logentry"
  }
},
{
  "model": "auth.permission",
  "pk": 5,
  "fields": {
    "name": "Can add permission",
    "content_type": 2,
    "codename": "add_permission"
  }
},
{
  "model": "auth.permission",
  "pk": 6,
  "fields": {
    "name": "Can change permission",
    "content_type": 2,
    "codename": "change_permission"
  }
},
{
  "model": "auth.permission",
  "pk": 7,
  "fields": {
    "name": "Can delete permission",
    "content_type": 2,
    "codename": "delete_permission"
  }
},
{
  "model": "auth.permission",
  "pk": 8,
  "fields": {
    "name": "Can view permission",
    "content_type": 2,
    "codename": "view_permission"
  }
},
{
  "model": "auth.permission",
  "pk": 9,
  "fields": {
    "name": "Can add group",
    "content_type": 3,
    "codename": "add_group"
  }
},
{
  "model": "auth.permission",
  "pk": 10,
  "fields": {
    "name": "Can change group",
    "content_type": 3,
    "codename": "change_group"
  }
},
{
  "model": "auth.permission",
  "pk": 11,
  "fields": {
    "name": "Can delete group",
    "content_type": 3,
    "codename": "delete_group"
  }
},
{
  "model": "auth.permission",
  "pk": 12,
  "fields": {
    "name": "Can view group",
    "content_type": 3,
    "codename": "view_group"
  }
},
{
  "model": "auth.permission",
  "pk": 13,
  "fields": {
    "name": "Can add content type",
    "content_type": 4,
    "codename": "add_contenttype"
  }
},
{
  "model": "auth.permission",
  "pk": 14,
  "fields": {
    "name": "Can change content type",
    "content_type": 4,
    "codename": "change_contenttype"
  }
},
{
  "model": "auth.permission",
  "pk": 15,
  "fields": {
    "name": "Can delete content type",
    "content_type": 4,
    "codename": "delete_contenttype"
  }
},
{
  "model": "auth.permission",
  "pk": 16,
  "fields": {
    "name": "Can view content type",
    "content_type": 4,
    "codename": "view_contenttype"
  }
},
{
  "model": "auth.permission",
  "pk": 17,
  "fields": {
    "name": "Can add session",
    "content_type": 5,
    "codename": "add_session"
  }
},
{
  "model": "auth.permission",
  "pk": 18,
  "fields": {
    "name": "Can change session",
    "content_type": 5,
    "codename": "change_session"
  }
},
{
  "model": "auth.permission",
  "pk": 19,
  "fields": {
    "name": "Can delete session",
    "content_type": 5,
    "codename": "delete_session"
  }
},
{
  "model": "auth.permission",
  "pk": 20,
  "fields": {
    "name": "Can view session",
    "content_type": 5,
    "codename": "view_session"
  }
},
{
  "model": "auth.permission",
  "pk": 21,
  "fields": {
    "name": "Can add institution",
    "content_type": 6,
    "codename": "add_institution"
  }
},
{
  "model": "auth.permission",
  "pk": 22,
  "fields": {
    "name": "Can change institution",
    "content_type": 6,
    "codename": "change_institution"
  }
},
{
  "model": "auth.permission",
  "pk": 23,
  "fields": {
    "name": "Can delete institution",
    "content_type": 6,
    "codename": "delete_institution"
  }
},
{
  "model": "auth.permission",
  "pk": 24,
  "fields": {
    "name": "Can view institution",
    "content_type": 6,
    "codename": "view_institution"
  }
},
{
  "model": "auth.permission",
  "pk": 25,
  "fields": {
    "name": "Can add lecturer",
    "content_type": 7,
    "codename": "add_lecturer"
  }
},
{
  "model": "auth.permission",
  "pk": 26,
  "fields": {
    "name": "Can change lecturer",
    "content_type": 7,
    "codename": "change_lecturer"
  }
},
{
  "model": "auth.permission",
  "pk": 27,
  "fields": {
    "name": "Can delete lecturer",
    "content_type": 7,
    "codename": "delete_lecturer"
  }
},
{
  "model": "auth.permission",
  "pk": 28,
  "fields": {
    "name": "Can view lecturer",
    "content_type": 7,
    "codename": "view_lecturer"
  }
},
{
  "model": "auth.permission",
  "pk": 29,
  "fields": {
    "name": "Can add room",
    "content_type": 8,
    "codename": "add_room"
  }
},
{
  "model": "auth.permission",
  "pk": 30,
  "fields": {
    "name": "Can change room",
    "content_type": 8,
    "codename": "change_room"
  }
},
{
  "model": "auth.permission",
  "pk": 31,
  "fields": {
    "name": "Can delete room",
    "content_type": 8,
    "codename": "delete_room"
  }
},
{
  "model": "auth.permission",
  "pk": 32,
  "fields": {
    "name": "Can view room",
    "content_type": 8,
    "codename": "view_room"
  }
},
{
  "model": "auth.permission",
  "pk": 33,
  "fields": {
    "name": "Can add user",
    "content_type": 9,
    "codename": "add_user"
  }
},
{
  "model": "auth.permission",
  "pk": 34,
  "fields": {
    "name": "Can change user",
    "content_type": 9,
    "codename": "change_user"
  }
},
{
  "model": "auth.permission",
  "pk": 35,
  "fields": {
    "name": "Can delete user",
    "content_type": 9,
    "codename": "delete_user"
  }
},
{
  "model": "auth.permission",
  "pk": 36,
  "fields": {
    "name": "Can view user",
    "content_type": 9,
    "codename": "view_user"
  }
},
{
  "model": "auth.permission",
  "pk": 37,
  "fields": {
    "name": "Can add course",
    "content_type": 10,
    "codename": "add_course"
  }
},
{
  "model": "auth.permission",
  "pk": 38,
  "fields": {
    "name": "Can change course",
    "content_type": 10,
    "codename": "change_course"
  }
},
{
  "model": "auth.permission",
  "pk": 39,
  "fields": {
    "name": "Can delete course",
    "content_type": 10,
    "codename": "delete_course"
  }
},
{
  "model": "auth.permission",
  "pk": 40,
  "fields": {
    "name": "Can view course",
    "content_type": 10,
    "codename": "view_course"
  }
},
{
  "model": "auth.permission",
  "pk": 41,
  "fields": {
    "name": "Can add time slot",
    "content_type": 11,
    "codename": "add_timeslot"
  }
},
{
  "model": "auth.permission",
  "pk": 42,
  "fields": {
    "name": "Can change time slot",
    "content_type": 11,
    "codename": "change_timeslot"
  }
},
{
  "model": "auth.permission",
  "pk": 43,
  "fields": {
    "name": "Can delete time slot",
    "content_type": 11,
    "codename": "delete_timeslot"
  }
},
{
  "model": "auth.permission",
  "pk": 44,
  "fields": {
    "name": "Can view time slot",
    "content_type": 11,
    "codename": "view_timeslot"
  }
},
{
  "model": "contenttypes.contenttype",
  "pk": 1,
  "fields": {
    "app_label": "admin",
    "model": "logentry"
  }
},
{
  "model": "contenttypes.contenttype",
  "pk": 2,
  "fields": {
    "app_label": "auth",
    "model": "permission"
  }
},
{
  "model": "contenttypes.contenttype",
  "pk": 3,
  "fields": {
    "app_label": "auth",
    "model": "group"
  }
},
{
  "model": "contenttypes.contenttype",
  "pk": 4,
  "fields": {
    "app_label": "contenttypes",
    "model": "contenttype"
  }
},
{
  "model": "contenttypes.contenttype",
  "pk": 5,
  "fields": {
    "app_label": "sessions",
    "model": "session"
  }
},
{
  "model": "contenttypes.contenttype",
  "pk": 6,
  "fields": {
    "app_label": "core",
    "model": "institution"
  }
},
{
  "model": "contenttypes.contenttype",
  "pk": 7,
  "fields": {
    "app_label": "core",
    "model": "lecturer"
  }
},
{
  "model": "contenttypes.contenttype",
  "pk": 8,
  "fields": {
    "app_label": "core",
    "model": "room"
  }
},
{
  "model": "contenttypes.contenttype",
  "pk": 9,
  "fields": {
    "app_label": "core",
    "model": "user"
  }
},
{
  "model": "contenttypes.contenttype",
  "pk": 10,
  "fields": {
    "app_label": "core",
    "model": "course"
  }
},
{
  "model": "contenttypes.contenttype",
  "pk": 11,
  "fields": {
    "app_label": "core",
    "model": "timeslot"
  }
},
{
  "model": "sessions.session",
  "pk": "2e384meznxxv5rwc7zjxp8kpbpc26yd9",
  "fields": {
    "session_data": ".eJxVjMsOwiAQRf-FtSE86gAu3fsNZKYMUjWQlHZl_HfbpAvd3nPOfYuI61Li2nmOUxIXYcTpdyMcn1x3kB5Y702OrS7zRHJX5EG7vLXEr-vh_h0U7GWrz6RsIDLa54yaMliDHrXhoBxhhiEFNJb1oMETIwTtKDm7RZAVQRCfL-tiN8o:1twNH4:L4eB29LArCtQQPxio1sAaOJjvrMVWI4FGj2nL7rhKqQ",
    "expire_date": "2025-04-06T15:30:06.744Z"
  }
},
{
  "model": "sessions.session",
  "pk": "k4p5duvud1f9aa92ghqofj8oz8xntlqo",
  "fields": {
    "session_data": ".eJxVjMsOwiAQRf-FtSE86gAu3fsNZKYMUjWQlHZl_HfbpAvd3nPOfYuI61Li2nmOUxIXYcTpdyMcn1x3kB5Y702OrS7zRHJX5EG7vLXEr-vh_h0U7GWrz6RsIDLa54yaMliDHrXhoBxhhiEFNJb1oMETIwTtKDm7RZAVQRCfL-tiN8o:1twm0m:irXmr3dPo6_IhggZg-AJjUfaW5fnEcJMpA2lTc1qzSY",
    "expire_date": "2025-04-07T17:54:56.963Z"
  }
},
{
  "model": "sessions.session",
  "pk": "o1cuysa4ydx8hceu9cdi6tfjydc385ib",
  "fields": {
    "session_data": ".eJxVjMsOwiAQRf-FtSE86gAu3fsNZKYMUjWQlHZl_HfbpAvd3nPOfYuI61Li2nmOUxIXYcTpdyMcn1x3kB5Y702OrS7zRHJX5EG7vLXEr-vh_h0U7GWrz6RsIDLa54yaMliDHrXhoBxhhiEFNJb1oMETIwTtKDm7RZAVQRCfL-tiN8o:1u7uTi:a-FQVjtkwwla02BqJBoVH6oS6ar7kMXKn4tl17jyTTs",
    "expire_date": "2025-05-08T11:10:50.400Z"
  }
},
{
  "model": "core.lecturer",
  "pk": 1,
  "fields": {
    "institution": 1,
    "name": "Dr. Daramola",
    "department": "Physics"
  }
},
{
  "model": "core.lecturer",
  "pk": 2,
  "fields": {
    "institution": 1,
    "name": "Dr. Jane Smith",
    "department": "Physics"
  }
},
{
  "model": "core.lecturer",
  "pk": 3,
  "fields": {
    "institution": 1,
    "name": "Dr. Alice Johnson",
    "department": "Physics"
  }
},
{
  "model": "core.lecturer",
  "pk": 4,
  "fields": {
    "institution": 1,
    "name": "Dr. Robert Brown",
    "department": "Physics"
  }
},
{
  "model": "core.lecturer",
  "pk": 5,
  "fields": {
    "institution": 1,
    "name": "Dr. Emily Davis",
    "department": "Physics"
  }
},
{
  "model": "core.lecturer",
  "pk": 6,
  "fields": {
    "institution": 1,
    "name": "Dr. Michael White",
    "department": "Physics"
  }
},
{
  "model": "core.lecturer",
  "pk": 7,
  "fields": {
    "institution": 1,
    "name": "Dr. Sarah Doe",
    "department": "Physics"
  }
},
{
  "model": "core.lecturer",
  "pk": 8,
  "fields": {
    "institution": 1,
    "name": "Dr. Kevin Martinez",
    "department": "Physics"
  }
},
{
  "model": "core.lecturer",
  "pk": 9,
  "fields": {
    "institution": 1,
    "name": "Dr. Olivia Wilson",
    "department": "Physics"
  }
},
{
  "model": "core.lecturer",
  "pk": 10,
  "fields": {
    "institution": 1,
    "name": "Dr. Daniel Thomas",
    "department": "Physics"
  }
},
{
  "model": "core.lecturer",
  "pk": 11,
  "fields": {
    "institution": 1,
    "name": "Dr. Richard Green",
    "department": "Computer Science"
  }
},
{
  "model": "core.lecturer",
  "pk": 12,
  "fields": {
    "institution": 1,
    "name": "Dr. Rachel Adams",
    "department": "Computer Science"
  }
},
{
  "model": "core.lecturer",
  "pk": 13,
  "fields": {
    "institution": 1,
    "name": "Dr. Thomas Black",
    "department": "Computer Science"
  }
},
{
  "model": "core.lecturer",
  "pk": 14,
  "fields": {
    "institution": 1,
    "name": "Dr. Chris Brown",
    "department": "Computer Science"
  }
},
{
  "model": "core.lecturer",
  "pk": 15,
  "fields": {
    "institution": 1,
    "name": "Dr. Sophia Miller",
    "department": "Computer Science"
  }
},
{
  "model": "core.lecturer",
  "pk": 16,
  "fields": {
    "institution": 1,
    "name": "Dr Sam",
    "department": "Electrical Engineering"
  }
},
{
  "model": "core.lecturer",
  "pk": 17,
  "fields": {
    "institution": 1,
    "name": "Dr Kay",
    "department": "Electrical Engineering"
  }
},
{
  "model": "core.lecturer",
  "pk": 18,
  "fields": {
    "institution": 1,
    "name": "Engr. John",
    "department": "Electrical Engineering"
  }
},
{
  "model": "core.lecturer",
  "pk": 19,
  "fields": {
    "institution": 1,
    "name": "Dr Adesewa",
    "department": "Mathematics"
  }
},
{
  "model": "core.room",
  "pk": 1,
  "fields": {
    "institution": 1,
    "name": "Physics Lab 1",
    "capacity": 90
  }
},
{
  "model": "core.room",
  "pk": 2,
  "fields": {
    "institution": 1,
    "name": "Physics Lab 2",
    "capacity": 100
  }
},
{
  "model": "core.room",
  "pk": 3,
  "fields": {
    "institution": 1,
    "name": "Lecture Hall A",
    "capacity": 150
  }
},
{
  "model": "core.room",
  "pk": 4,
  "fields": {
    "institution": 1,
    "name": "Lecture Hall B",
    "capacity": 200
  }
},
{
  "model": "core.room",
  "pk": 6,
  "fields": {
    "institution": 1,
    "name": "General Lecture Hall",
    "capacity": 200
  }
},
{
  "model": "core.room",
  "pk": 9,
  "fields": {
    "institution": 1,
    "name": "Main Auditorium",
    "capacity": 350
  }
},
{
  "model": "core.room",
  "pk": 10,
  "fields": {
    "institution": 1,
    "name": "Extension Lecture Hall",
    "capacity": 120
  }
},
{
  "model": "core.room",
  "pk": 14,
  "fields": {
    "institution": 2,
    "name": "Room 23",
    "capacity": 150
  }
},
{
  "model": "core.room",
  "pk": 15,
  "fields": {
    "institution": 1,
    "name": "EEE C1",
    "capacity": 41
  }
},
{
  "model": "core.room",
  "pk": 16,
  "fields": {
    "institution": 1,
    "name": "EEE C2",
    "capacity": 39
  }
},
{
  "model": "core.room",
  "pk": 17,
  "fields": {
    "institution": 1,
    "name": "LR 16",
    "capacity": 190
  }
},
{
  "model": "core.course",
  "pk": "CSC101",
  "fields": {
    "institution": 1,
    "name": "Introduction to Computer Science",
    "level": 100,
    "num_students": 150,
    "lecturer": 11
  }
},
{
  "model": "core.course",
  "pk": "CSC102",
  "fields": {
    "institution": 1,
    "name": "Data Structures",
    "level": 100,
    "num_students": 130,
    "lecturer": 12
  }
},
{
  "model": "core.course",
  "pk": "CSC201",
  "fields": {
    "institution": 1,
    "name": "Algorithms",
    "level": 200,
    "num_students": 300,
    "lecturer": 13
  }
},
{
  "model": "core.course",
  "pk": "CSC202",
  "fields": {
    "institution": 1,
    "name": "Operating Systems",
    "level": 200,
    "num_students": 180,
    "lecturer": 11
  }
},
{
  "model": "core.course",
  "pk": "CSC301",
  "fields": {
    "institution": 1,
    "name": "Database Management Systems",
    "level": 300,
    "num_students": 220,
    "lecturer": 12
  }
},
{
  "model": "core.course",
  "pk": "CSC402",
  "fields": {
    "institution": 1,
    "name": "Machine Learning",
    "level": 400,
    "num_students": 300,
    "lecturer": 12
  }
},
{
  "model": "core.course",
  "pk": "CSc 309",
  "fields": {
    "institution": 1,
    "name": "Web Technologies and Development",
    "level": 300,
    "num_students": 250,
    "lecturer": 13
  }
},
{
  "model": "core.course",
  "pk": "EEE 525",
  "fields": {
    "institution": 1,
    "name": "Wireless Communication Design and Applications",
    "level": 500,
    "num_students": 30,
    "lecturer": 18
  }
},
{
  "model": "core.course",
  "pk": "EEE202",
  "fields": {
    "institution": 1,
    "name": "Basic Electrical Engineering",
    "level": 200,
    "num_students": 74,
    "lecturer": 16
  }
},
{
  "model": "core.course",
  "pk": "EEE402",
  "fields": {
    "institution": 1,
    "name": "Introduction to Microcontrollers and Assembly Language Programming",
    "level": 400,
    "num_students": 11,
    "lecturer": 17
  }
},
{
  "model": "core.course",
  "pk": "MTH 102",
  "fields": {
    "institution": 1,
    "name": "Introduction to Staitistics",
    "level": 100,
    "num_students": 78,
    "lecturer": 11
  }
},
{
  "model": "core.course",
  "pk": "PHY101",
  "fields": {
    "institution": 1,
    "name": "Mechanics",
    "level": 100,
    "num_students": 300,
    "lecturer": 1
  }
},
{
  "model": "core.course",
  "pk": "PHY102",
  "fields": {
    "institution": 1,
    "name": "Waves & Optics",
    "level": 100,
    "num_students": 100,
    "lecturer": 2
  }
},
{
  "model": "core.course",
  "pk": "PHY201",
  "fields": {
    "institution": 1,
    "name": "Electromagnetic Fields",
    "level": 200,
    "num_students": 200,
    "lecturer": 4
  }
},
{
  "model": "core.course",
  "pk": "PHY301",
  "fields": {
    "institution": 1,
    "name": "Classical Mechanics II",
    "level": 300,
    "num_students": 240,
    "lecturer": 2
  }
},
{
  "model": "core.course",
  "pk": "PHY302",
  "fields": {
    "institution": 1,
    "name": "Advanced Nuclear Physics",
    "level": 300,
    "num_students": 150,
    "lecturer": 3
  }
},
{
  "model": "core.course",
  "pk": "PHY305",
  "fields": {
    "institution": 1,
    "name": "Medical Physics ",
    "level": 300,
    "num_students": 200,
    "lecturer": 1
  }
},
{
  "model": "core.timeslot",
  "pk": 2,
  "fields": {
    "institution": 1,
    "course": "CSC101",
    "day": "Monday",
    "start_time": "11:00",
    "end_time": "12:00"
  }
},
{
  "model": "core.timeslot",
  "pk": 3,
  "fields": {
    "institution": 1,
    "course": "PHY102",
    "day": "Monday",
    "start_time": "10:00",
    "end_time": "12:00"
  }
},
{
  "model": "core.timeslot",
  "pk": 5,
  "fields": {
    "institution": 1,
    "course": "PHY201",
    "day": "Tuesday",
    "start_time": "08:00",
    "end_time": "10:00"
  }
},
{
  "model": "core.timeslot",
  "pk": 6,
  "fields": {
    "institution": 1,
    "course": "CSC301",
    "day": "Tuesday",
    "start_time": "08:00",
    "end_time": "10:00"
  }
},
{
  "model": "core.timeslot",
  "pk": 7,
  "fields": {
    "institution": 1,
    "course": "PHY301",
    "day": "Tuesday",
    "start_time": "12:00",
    "end_time": "14:00"
  }
},
{
  "model": "core.timeslot",
  "pk": 8,
  "fields": {
    "institution": 1,
    "course": "CSC102",
    "day": "Tuesday",
    "start_time": "12:00",
    "end_time": "14:00"
  }
},
{
  "model": "core.timeslot",
  "pk": 9,
  "fields": {
    "institution": 1,
    "course": "PHY302",
    "day": "Wednesday",
    "start_time": "08:00",
    "end_time": "10:00"
  }
},
{
  "model": "core.timeslot",
  "pk": 10,
  "fields": {
    "institution": 1,
    "course": "CSC202",
    "day": "Wednesday",
    "start_time": "08:00",
    "end_time": "10:00"
  }
},
{
  "model": "core.timeslot",
  "pk": 12,
  "fields": {
    "institution": 1,
    "course": "CSC301",
    "day": "Wednesday",
    "start_time": "15:00",
    "end_time": "17:00"
  }
},
{
  "model": "core.timeslot",
  "pk": 13,
  "fields": {
    "institution": 1,
    "course": "PHY102",
    "day": "Thursday",
    "start_time": "08:00",
    "end_time": "10:00"
  }
},
{
  "model": "core.timeslot",
  "pk": 14,
  "fields": {
    "institution": 1,
    "course": "CSC102",
    "day": "Thursday",
    "start_time": "08:00",
    "end_time": "10:00"
  }
},
{
  "model": "core.timeslot",
  "pk": 15,
  "fields": {
    "institution": 1,
    "course": "PHY201",
    "day": "Thursday",
    "start_time": "10:00",
    "end_time": "12:00"
  }
},
{
  "model": "core.timeslot",
  "pk": 16,
  "fields": {
    "institution": 1,
    "course": "CSC202",
    "day": "Thursday",
    "start_time": "10:00",
    "end_time": "12:00"
  }
},
{
  "model": "core.timeslot",
  "pk": 17,
  "fields": {
    "institution": 1,
    "course": "PHY301",
    "day": "Friday",
    "start_time": "08:00",
    "end_time": "10:00"
  }
},
{
  "model": "core.timeslot",
  "pk": 19,
  "fields": {
    "institution": 1,
    "course": "PHY302",
    "day": "Friday",
    "start_time": "10:00",
    "end_time": "12:00"
  }
},
{
  "model": "core.timeslot",
  "pk": 20,
  "fields": {
    "institution": 1,
    "course": "CSC301",
    "day": "Friday",
    "start_time": "10:00",
    "end_time": "12:00"
  }
},
{
  "model": "core.timeslot",
  "pk": 21,
  "fields": {
    "institution": 1,
    "course": "PHY305",
    "day": "Monday",
    "start_time": "09:00",
    "end_time": "11:00"
  }
},
{
  "model": "core.timeslot",
  "pk": 23,
  "fields": {
    "institution": 1,
    "course": "CSC201",
    "day": "Monday",
    "start_time": "10:00",
    "end_time": "12:00"
  }
},
{
  "model": "core.timeslot",
  "pk": 24,
  "fields": {
    "institution": 1,
    "course": "CSC201",
    "day": "Friday",
    "start_time": "08:00",
    "end_time": "10:00"
  }
},
{
  "model": "core.timeslot",
  "pk": 25,
  "fields": {
    "institution": 1,
    "course": "CSC402",
    "day": "Thursday",
    "start_time": "08:00",
    "end_time": "10:00"
  }
},
{
  "model": "core.timeslot",
  "pk": 26,
  "fields": {
    "institution": 1,
    "course": "CSc 309",
    "day": "Monday",
    "start_time": "11:00",
    "end_time": "13:00"
  }
},
{
  "model": "core.timeslot",
  "pk": 27,
  "fields": {
    "institution": 1,
    "course": "PHY101",
    "day": "Monday",
    "start_time": "08:00",
    "end_time": "10:00"
  }
},
{
  "model": "core.timeslot",
  "pk": 29,
  "fields": {
    "institution": 1,
    "course": "EEE202",
    "day": "Wednesday",
    "start_time": "13:00",
    "end_time": "16:00"
  }
},
{
  "model": "core.timeslot",
  "pk": 30,
  "fields": {
    "institution": 1,
    "course": "EEE402",
    "day": "Thursday",
    "start_time": "09:00",
    "end_time": "11:00"
  }
},
{
  "model": "core.timeslot",
  "pk": 31,
  "fields": {
    "institution": 1,
    "course": "EEE 525",
    "day": "Tuesday",
    "start_time": "12:00",
    "end_time": "14:00"
  }
},
{
  "model": "core.institution",
  "pk": 1,
  "fields": {
    "name": "Lead City University",
    "domain": "lcu.ng",
    "created_at": "2025-03-23T14:37:51.340Z"
  }
},
{
  "model": "core.institution",
  "pk": 2,
  "fields": {
    "name": "University of Lagos",
    "domain": "unilag.ng",
    "created_at": "2025-03-23T15:52:49.987Z"
  }
},
{
  "model": "core.institution",
  "pk": 3,
  "fields": {
    "name": "LASU",
    "domain": "lsu.ng",
    "created_at": "2025-03-23T16:07:58.158Z"
  }
},
{
  "model": "core.user",
  "pk": 1,
  "fields": {
    "password": "pbkdf2_sha256$870000$Zd8XkcJBpANdb5rB1CYaBe$QDIVHViurONPyDMT+DXqNpHA97ZjsGU93dJKZTKF+ow=",
    "last_login": null,
    "is_superuser": false,
    "username": "Samuel Ajayi",
    "first_name": "",
    "last_name": "",
    "is_staff": false,
    "is_active": true,
    "date_joined": "2025-03-23T14:37:51.415Z",
    "email": "samuel@lcu.ng",
    "institution": 1,
    "role": "admin",
    "groups": [],
    "user_permissions": []
  }
},
{
  "model": "core.user",
  "pk": 2,
  "fields": {
    "password": "pbkdf2_sha256$870000$Dbn3p7hdqyg2G38yzWmCVn$PrFOVGjo5iHPMjNMcjV1gJp4Bx6XjExShVr3Go8/2Pk=",
    "last_login": "2025-04-24T11:10:50.360Z",
    "is_superuser": true,
    "username": "edenini",
    "first_name": "",
    "last_name": "",
    "is_staff": true,
    "is_active": true,
    "date_joined": "2025-03-23T14:42:30.575Z",
    "email": "eden@unischedul.com",
    "institution": null,
    "role": "super_admin",
    "groups": [],
    "user_permissions": []
  }
},
{
  "model": "core.user",
  "pk": 3,
  "fields": {
    "password": "pbkdf2_sha256$870000$vNyP14TY9c0NOnDjeYxjYc$kUBRQrieDdw5FS40f8ivxzfUIXXkaHEptE1owjRS4AU=",
    "last_login": null,
    "is_superuser": false,
    "username": "Adeola Femi ",
    "first_name": "",
    "last_name": "",
    "is_staff": false,
    "is_active": true,
    "date_joined": "2025-03-23T15:52:50.012Z",
    "email": "femi@unilag.ng",
    "institution": 2,
    "role": "admin",
    "groups": [],
    "user_permissions": []
  }
},
{
  "model": "core.user",
  "pk": 4,
  "fields": {
    "password": "pbkdf2_sha256$870000$lDWiTGdD7zyyalV4v21iKj$zQEDAKciNGzmhSp/KKCJH9TqZxZztmoMTJ6zfJLdTfk=",
    "last_login": null,
    "is_superuser": false,
    "username": "Eddd ddd",
    "first_name": "",
    "last_name": "",
    "is_staff": false,
    "is_active": true,
    "date_joined": "2025-03-23T16:07:58.174Z",
    "email": "sola@lsu.ng",
    "institution": 3,
    "role": "admin",
    "groups": [],
    "user_permissions": []
  }
}
]
